Index,T arrival,Origin,Dest,Assignment,T end wait AP,T end wait CP,T door opening,T door opened,T door close,T depart,Reg dir,Reg car-dir,Re-Reg,T Re-Reg,Reg AP T,Reg CP T,Wait AP T,Wait CP T,Srvc T,Rejection
1,1.570,0,9,0,1.570,1.570,1.570,3.070,7.670,73.316,1,1,0,,0.000,0.000,0.000,0.000,71.746,
2,1.900,0,8,0,1.900,1.900,1.570,3.070,7.670,61.333,0,0,0,,,,0.000,0.000,59.433,
3,4.640,0,3,0,4.640,4.640,1.570,3.070,7.670,19.968,0,0,0,,,,0.000,0.000,15.328,
4,5.750,0,7,0,5.750,5.750,1.570,3.070,7.670,48.850,0,0,0,,,,0.000,0.000,43.100,
5,8.040,0,8,1,10.829,10.329,13.423,14.923,21.023,93.617,1,1,0,,2.789,2.289,2.789,2.289,85.577,
6,14.470,0,4,1,14.470,14.470,13.423,14.923,21.023,56.020,0,0,0,,,,0.000,0.000,41.550,
7,15.650,0,8,1,15.650,15.650,13.423,14.923,21.023,93.617,0,0,0,,,,0.000,0.000,77.967,
8,16.240,0,5,1,16.240,16.240,13.423,14.923,21.023,68.003,0,0,0,,,,0.000,0.000,51.763,
9,16.300,0,1,1,16.300,16.300,13.423,14.923,21.023,30.406,0,0,0,,,,0.000,0.000,14.106,
10,17.360,0,2,1,17.360,17.360,13.423,14.923,21.023,42.389,0,0,0,,,,0.000,0.000,25.029,
11,18.570,0,6,1,18.570,18.570,13.423,14.923,21.023,79.987,0,0,0,,,,0.000,0.000,61.417,
12,18.680,0,8,1,18.680,18.680,13.423,14.923,21.023,93.617,0,0,0,,,,0.000,0.000,74.937,
13,22.080,6,7,0,30.793,28.814,33.366,34.866,39.466,48.850,1,1,0,,8.713,6.734,8.713,6.734,26.770,
14,24.300,0,6,2,30.024,28.046,32.598,34.098,43.598,115.397,1,1,0,,5.724,3.746,5.724,3.746,91.097,
15,24.310,0,6,2,30.024,28.046,32.598,34.098,43.598,115.397,0,0,0,,,,5.714,3.736,91.087,
16,24.690,0,7,2,30.024,28.046,32.598,34.098,43.598,127.880,0,0,0,,,,5.334,3.356,103.190,
17,26.250,0,4,2,30.024,28.046,32.598,34.098,43.598,89.931,0,0,0,,,,3.774,1.796,63.681,
18,26.540,0,3,2,30.024,28.046,32.598,34.098,43.598,77.448,0,0,0,,,,3.484,1.506,50.908,
19,28.420,7,0,4,28.420,28.420,28.420,29.920,34.520,50.872,1,1,0,,0.000,0.000,0.000,0.000,22.452,
20,29.140,0,9,2,30.024,29.140,32.598,34.098,43.598,141.511,0,0,0,,,,0.884,0.000,112.371,
21,31.040,0,5,2,31.040,31.040,32.598,34.098,43.598,102.414,0,0,0,,,,0.000,0.000,71.374,
22,31.200,0,2,2,31.200,31.200,32.598,34.098,43.598,65.464,0,0,0,,,,0.000,0.000,34.264,
23,31.900,0,5,2,31.900,31.900,32.598,34.098,43.598,102.414,0,0,0,,,,0.000,0.000,70.514,
24,32.090,0,3,2,32.090,32.090,32.598,34.098,43.598,77.448,0,0,0,,,,0.000,0.000,45.358,
25,36.460,0,4,2,36.460,36.460,32.598,34.098,43.598,89.931,0,0,0,,,,0.000,0.000,53.471,
26,38.250,0,9,2,38.250,38.250,32.598,34.098,43.598,141.511,0,0,0,,,,0.000,0.000,103.261,
27,39.670,0,1,2,39.670,39.670,32.598,34.098,43.598,52.981,0,0,0,,,,0.000,0.000,13.311,
28,40.200,0,1,2,40.200,40.200,32.598,34.098,43.598,52.981,0,0,0,,,,0.000,0.000,12.781,
29,42.840,0,5,2,42.840,42.840,32.598,34.098,43.598,102.414,0,0,0,,,,0.000,0.000,59.574,
30,43.730,0,8,4,46.798,44.543,49.372,50.872,58.972,142.902,1,1,0,,3.068,0.813,3.068,0.813,99.172,
31,45.270,0,1,4,46.798,45.270,49.372,50.872,58.972,68.355,0,0,0,,,,1.528,0.000,23.085,
32,47.020,0,6,4,47.020,47.020,49.372,50.872,58.972,128.771,0,0,0,,,,0.000,0.000,81.751,
33,47.030,0,5,4,47.030,47.030,49.372,50.872,58.972,116.788,0,0,0,,,,0.000,0.000,69.758,
34,49.790,0,4,4,49.790,49.790,49.372,50.872,58.972,104.305,0,0,0,,,,0.000,0.000,54.515,
35,50.720,0,8,4,50.720,50.720,49.372,50.872,58.972,142.902,0,0,0,,,,0.000,0.000,92.182,
36,50.780,0,8,4,50.780,50.780,49.372,50.872,58.972,142.902,0,0,0,,,,0.000,0.000,92.122,
37,52.140,0,2,4,52.140,52.140,49.372,50.872,58.972,80.338,0,0,0,,,,0.000,0.000,28.198,
38,52.840,8,6,5,52.840,52.840,52.840,54.340,58.940,69.971,1,1,0,,0.000,0.000,0.000,0.000,17.131,
39,54.010,0,3,4,54.010,54.010,49.372,50.872,58.972,92.321,0,0,0,,,,0.000,0.000,38.311,
40,54.560,0,4,4,54.560,54.560,49.372,50.872,58.972,104.305,0,0,0,,,,0.000,0.000,49.745,
41,56.020,0,6,4,56.020,56.020,49.372,50.872,58.972,128.771,0,0,0,,,,0.000,0.000,72.751,
42,59.840,0,7,3,67.618,65.363,70.192,71.692,78.292,143.023,1,1,0,,7.778,5.523,7.778,5.523,83.183,
43,60.990,0,3,3,67.618,65.363,70.192,71.692,78.292,115.641,0,0,0,,,,6.628,4.373,54.651,
44,61.060,3,2,5,80.795,78.817,83.369,84.869,89.469,98.852,1,1,0,,19.735,17.757,19.735,17.757,37.792,C 
45,61.620,0,7,3,67.618,65.363,70.192,71.692,78.292,143.023,0,0,0,,,,5.998,3.743,81.403,
46,62.410,0,9,3,67.618,65.363,70.192,71.692,78.292,167.489,0,0,0,,,,5.208,2.953,105.079,
47,63.810,0,4,3,67.618,65.363,70.192,71.692,78.292,128.125,0,0,0,,,,3.808,1.553,64.315,
48,68.090,0,2,3,68.090,68.090,70.192,71.692,78.292,103.658,0,0,0,,,,0.000,0.000,35.568,
49,70.000,0,1,3,70.000,70.000,70.192,71.692,78.292,87.675,0,0,0,,,,0.000,0.000,17.675,
50,75.960,0,8,3,75.960,75.960,70.192,71.692,78.292,155.506,0,0,0,,,,0.000,0.000,79.546,
51,76.000,0,1,3,76.000,76.000,70.192,71.692,78.292,87.675,0,0,0,,,,0.000,0.000,11.675,
52,76.650,1,3,3,83.581,83.081,86.175,87.675,94.275,115.641,1,1,0,,6.931,6.431,6.931,6.431,38.991,
53,78.790,0,6,5,108.409,107.065,110.983,112.483,122.483,193.782,1,1,0,,29.619,28.275,29.619,28.275,114.992,
54,80.030,0,5,5,108.409,107.065,110.983,112.483,122.483,180.799,0,0,0,,,,28.379,27.035,100.769,
55,82.080,0,4,5,108.409,107.065,110.983,112.483,122.483,168.816,0,0,0,,,,26.329,24.985,86.736,
56,82.140,0,2,5,108.409,107.065,110.983,112.483,122.483,143.849,0,0,0,,,,26.269,24.925,61.709,
57,83.320,0,1,5,108.409,107.065,110.983,112.483,122.483,131.866,0,0,0,,,,25.089,23.745,48.546,
58,84.070,0,3,5,108.409,107.065,110.983,112.483,122.483,156.833,0,0,0,,,,24.339,22.995,72.763,
59,90.330,0,8,5,108.409,107.065,110.983,112.483,122.483,219.248,0,0,0,,,,18.079,16.735,128.918,
60,90.330,0,7,5,108.409,107.065,110.983,112.483,122.483,206.765,0,0,0,,,,18.079,16.735,116.435,
61,90.500,0,2,5,108.409,107.065,110.983,112.483,122.483,143.849,0,0,0,,,,17.909,16.565,53.349,
62,91.370,0,6,5,108.409,107.065,110.983,112.483,122.483,193.782,0,0,0,,,,17.039,15.695,102.412,
63,91.930,0,5,5,108.409,107.065,110.983,112.483,122.483,180.799,0,0,0,,,,16.479,15.135,88.869,
64,93.150,0,6,5,108.409,107.065,110.983,112.483,122.483,193.782,0,0,0,,,,15.259,13.915,100.632,
65,93.720,0,7,5,108.409,107.065,110.983,112.483,122.483,206.765,0,0,0,,,,14.689,13.345,113.045,
66,94.520,0,5,5,108.409,107.065,110.983,112.483,122.483,180.799,0,0,0,,,,13.889,12.545,86.279,
67,95.610,0,2,5,108.409,107.065,110.983,112.483,122.483,143.849,0,0,0,,,,12.799,11.455,48.239,
68,106.030,0,8,5,108.409,107.065,110.983,112.483,122.483,219.248,0,0,0,,,,2.379,1.035,113.218,
69,107.220,0,8,1,117.998,115.743,120.572,122.072,131.172,209.266,0,1,0,,10.778,8.523,10.778,8.523,102.046,
70,111.230,0,4,1,117.998,115.743,120.572,122.072,131.172,167.669,0,0,0,,,,6.768,4.513,56.439,
71,111.520,0,1,1,117.998,115.743,120.572,122.072,131.172,140.555,0,0,0,,,,6.478,4.223,29.035,
72,114.070,0,5,1,117.998,115.743,120.572,122.072,131.172,180.652,0,0,0,,,,3.928,1.673,66.582,
73,116.280,0,2,1,117.998,116.280,120.572,122.072,131.172,153.538,0,0,0,,,,1.718,0.000,37.258,
74,116.940,0,2,1,117.998,116.940,120.572,122.072,131.172,153.538,0,0,0,,,,1.058,0.000,36.598,
75,118.210,0,1,1,118.210,118.210,120.572,122.072,131.172,140.555,0,0,0,,,,0.000,0.000,22.345,
76,119.510,0,4,1,119.510,119.510,120.572,122.072,131.172,167.669,0,0,0,,,,0.000,0.000,48.159,
77,122.560,0,9,1,122.560,122.560,120.572,122.072,131.172,221.249,0,0,0,,,,0.000,0.000,98.689,
78,122.770,0,5,1,122.770,122.770,120.572,122.072,131.172,180.652,0,0,0,,,,0.000,0.000,57.882,
79,125.490,0,5,1,125.490,125.490,120.572,122.072,131.172,180.652,0,0,0,,,,0.000,0.000,55.162,
80,125.550,0,4,1,125.550,125.550,120.572,122.072,131.172,167.669,0,0,0,,,,0.000,0.000,42.119,
81,125.910,0,1,1,125.910,125.910,120.572,122.072,131.172,140.555,0,0,0,,,,0.000,0.000,14.645,
82,130.340,0,9,1,130.340,130.340,120.572,122.072,131.172,221.249,0,0,0,,,,0.000,0.000,90.909,
83,131.510,0,8,0,143.288,141.033,145.862,147.362,156.462,241.892,1,1,0,,11.778,9.523,11.778,9.523,110.382,
84,132.180,0,6,0,143.288,141.033,145.862,147.362,156.462,217.425,0,0,0,,,,11.108,8.853,85.245,
85,132.450,0,6,0,143.288,141.033,145.862,147.362,156.462,217.425,0,0,0,,,,10.838,8.583,84.975,
86,133.400,0,2,0,143.288,141.033,145.862,147.362,156.462,167.493,0,0,0,,,,9.888,7.633,34.093,
87,133.840,1,0,2,157.889,155.634,160.463,161.963,166.563,175.946,1,1,0,,24.049,21.794,24.049,21.794,42.106,C 
88,137.250,0,4,0,143.288,141.033,145.862,147.362,156.462,193.459,0,0,0,,,,6.038,3.783,56.209,
89,139.660,0,2,0,143.288,141.033,145.862,147.362,156.462,167.493,0,0,0,,,,3.628,1.373,27.833,
90,140.460,0,3,0,143.288,141.033,145.862,147.362,156.462,180.476,0,0,0,,,,2.828,0.573,40.016,
91,141.340,0,7,0,143.288,141.340,145.862,147.362,156.462,229.909,0,0,0,,,,1.948,0.000,88.569,
92,143.810,0,8,0,143.810,143.810,145.862,147.362,156.462,241.892,0,0,0,,,,0.000,0.000,98.082,
93,144.720,0,2,0,144.720,144.720,145.862,147.362,156.462,167.493,0,0,0,,,,0.000,0.000,22.773,
94,146.260,0,3,0,146.260,146.260,145.862,147.362,156.462,180.476,0,0,0,,,,0.000,0.000,34.216,
95,150.670,0,8,0,150.670,150.670,145.862,147.362,156.462,241.892,0,0,0,,,,0.000,0.000,91.222,
96,151.950,0,3,0,151.950,151.950,145.862,147.362,156.462,180.476,0,0,0,,,,0.000,0.000,28.526,
97,154.020,8,0,4,154.020,154.020,154.020,155.520,160.120,177.472,1,1,0,,0.000,0.000,0.000,0.000,23.452,C 
98,154.210,0,5,0,154.210,154.210,145.862,147.362,156.462,205.442,0,0,0,,,,0.000,0.000,51.232,
99,157.590,0,1,2,171.852,171.352,174.446,175.946,186.446,195.829,1,1,0,,14.262,13.762,14.262,13.762,38.239,C D CD 
100,157.780,0,5,2,171.852,171.352,174.446,175.946,186.446,246.762,0,0,0,,,,14.072,13.572,88.982,C D CD 
101,159.020,0,9,2,171.852,171.352,174.446,175.946,186.446,264.229,0,0,0,,,,12.832,12.332,105.209,C D CD 
102,159.640,0,2,2,171.852,171.352,174.446,175.946,186.446,208.812,0,0,0,,,,12.212,11.712,49.172,C D CD 
103,161.730,0,3,2,171.852,171.352,174.446,175.946,186.446,221.796,0,0,0,,,,10.122,9.622,60.066,C D CD 
104,165.740,0,4,2,171.852,171.352,174.446,175.946,186.446,233.779,0,0,0,,,,6.112,5.612,68.039,C D CD 
105,166.500,7,1,3,177.046,175.701,179.620,181.120,185.720,201.072,1,1,0,,10.546,9.201,10.546,9.201,34.572,
106,168.630,0,2,2,171.852,171.352,174.446,175.946,186.446,208.812,0,0,0,,,,3.222,2.722,40.182,C D CD 
107,169.710,0,9,2,171.852,171.352,174.446,175.946,186.446,264.229,0,0,0,,,,2.142,1.642,94.519,C D CD 
108,170.990,0,4,2,171.852,171.352,174.446,175.946,186.446,233.779,0,0,0,,,,0.862,0.362,62.789,C D CD 
109,171.970,0,4,2,171.970,171.970,174.446,175.946,186.446,233.779,0,0,0,,,,0.000,0.000,61.809,C D CD 
110,172.210,0,1,2,172.210,172.210,174.446,175.946,186.446,195.829,0,0,0,,,,0.000,0.000,23.619,C D CD 
111,172.530,0,5,2,172.530,172.530,174.446,175.946,186.446,246.762,0,0,0,,,,0.000,0.000,74.232,C D CD 
112,172.850,0,5,2,172.850,172.850,174.446,175.946,186.446,246.762,0,0,0,,,,0.000,0.000,73.912,C D CD 
113,172.870,0,2,2,172.870,172.870,174.446,175.946,186.446,208.812,0,0,0,,,,0.000,0.000,35.942,C D CD 
114,173.650,0,1,2,173.650,173.650,174.446,175.946,186.446,195.829,0,0,0,,,,0.000,0.000,22.179,C D CD 
115,176.020,9,0,4,196.350,194.095,198.924,200.424,205.024,237.007,1,1,0,,20.330,18.075,20.330,18.075,60.987,
116,176.920,0,5,2,176.920,176.920,174.446,175.946,186.446,246.762,0,0,0,,,,0.000,0.000,69.842,C D CD 
117,177.000,6,9,1,189.541,189.041,192.135,193.635,198.235,221.249,1,1,0,,12.541,12.041,12.541,12.041,44.249,C D CD 
118,178.000,0,5,3,208.960,208.460,211.555,213.055,223.055,280.871,0,1,0,,30.960,30.460,30.960,30.460,102.871,C D CD 
119,178.980,0,4,3,208.960,208.460,211.555,213.055,223.055,268.388,0,0,0,,,,29.980,29.480,89.408,C D CD 
120,179.310,0,1,3,208.960,208.460,211.555,213.055,223.055,232.438,0,0,0,,,,29.650,29.150,53.128,C D CD 
121,179.570,0,7,3,208.960,208.460,211.555,213.055,223.055,309.837,0,0,0,,,,29.390,28.890,130.267,C D CD 
122,180.360,0,9,3,208.960,208.460,211.555,213.055,223.055,334.303,0,0,0,,,,28.600,28.100,153.943,C D CD 
123,180.670,0,4,3,208.960,208.460,211.555,213.055,223.055,268.388,0,0,0,,,,28.290,27.790,87.718,C D CD 
124,184.120,0,6,3,208.960,208.460,211.555,213.055,223.055,296.854,0,0,0,,,,24.840,24.340,112.734,
125,185.290,0,2,3,208.960,208.460,211.555,213.055,223.055,244.421,0,0,0,,,,23.670,23.170,59.131,
126,186.220,0,9,3,208.960,208.460,211.555,213.055,223.055,334.303,0,0,0,,,,22.740,22.240,148.083,
127,188.220,5,6,3,276.776,276.276,279.371,280.871,287.471,296.854,1,1,0,,88.556,88.056,88.556,88.056,108.634,C D CD 
128,188.490,0,8,3,208.960,208.460,211.555,213.055,223.055,322.320,0,0,0,,,,20.470,19.970,133.830,
129,188.820,0,7,3,208.960,208.460,211.555,213.055,223.055,309.837,0,0,0,,,,20.140,19.640,121.017,
130,190.420,0,3,3,208.960,208.460,211.555,213.055,223.055,256.404,0,0,0,,,,18.540,18.040,65.984,
131,191.440,0,6,3,208.960,208.460,211.555,213.055,223.055,296.854,0,0,0,,,,17.520,17.020,105.414,
132,192.160,0,5,3,208.960,208.460,211.555,213.055,223.055,280.871,0,0,0,,,,16.800,16.300,88.711,
133,193.320,0,9,3,208.960,208.460,211.555,213.055,223.055,334.303,0,0,0,,,,15.640,15.140,140.983,
134,193.640,0,5,3,208.960,208.460,211.555,213.055,223.055,280.871,0,0,0,,,,15.320,14.820,87.231,
135,195.740,0,2,4,232.933,231.588,235.507,237.007,248.007,313.277,0,1,0,,37.193,35.848,37.193,35.848,117.537,
136,199.170,0,4,4,232.933,231.588,235.507,237.007,248.007,338.243,0,0,0,,,,33.763,32.418,139.073,
137,199.580,0,1,4,232.933,231.588,235.507,237.007,248.007,301.294,0,0,0,,,,33.353,32.008,101.714,
138,201.050,0,3,4,232.933,231.588,235.507,237.007,248.007,325.760,0,0,0,,,,31.883,30.538,124.710,
139,201.090,8,4,5,215.154,214.654,217.748,219.248,225.848,239.216,1,1,0,,14.064,13.564,14.064,13.564,38.126,C 
140,202.260,0,7,4,232.933,231.588,235.507,237.007,248.007,364.857,0,0,0,,,,30.673,29.328,162.597,
141,202.330,6,0,4,259.285,257.030,261.859,263.359,269.959,285.311,1,1,0,,56.955,54.700,56.955,54.700,82.981,C 
142,202.650,0,4,4,232.933,231.588,235.507,237.007,248.007,338.243,0,0,0,,,,30.283,28.938,135.593,
143,203.070,0,5,4,232.933,231.588,235.507,237.007,248.007,351.227,0,0,0,,,,29.863,28.518,148.157,
144,204.200,0,9,4,232.933,231.588,235.507,237.007,248.007,390.824,0,0,0,,,,28.733,27.388,186.624,
145,204.270,2,0,4,216.596,215.047,219.876,221.376,225.976,237.007,1,1,0,,12.326,10.777,12.326,10.777,32.737,C 
146,204.450,0,6,4,232.933,231.588,235.507,237.007,248.007,263.359,0,0,0,,,,28.483,27.138,58.909,
147,207.100,0,2,4,232.933,231.588,235.507,237.007,248.007,313.277,0,0,0,,,,25.833,24.488,106.177,
148,208.230,0,8,4,232.933,231.588,235.507,237.007,248.007,377.841,0,0,0,,,,24.703,23.358,169.611,
149,208.390,0,3,4,232.933,231.588,235.507,237.007,248.007,325.760,0,0,0,,,,24.543,23.198,117.370,
150,209.560,0,8,4,232.933,231.588,235.507,237.007,248.007,377.841,0,0,0,,,,23.373,22.028,168.281,
151,209.600,0,7,4,232.933,231.588,235.507,237.007,248.007,364.857,0,0,0,,,,23.333,21.988,155.257,
152,210.010,0,7,4,232.933,231.588,235.507,237.007,248.007,364.857,0,0,0,,,,22.923,21.578,154.847,
153,214.170,0,8,4,232.933,231.588,235.507,237.007,248.007,377.841,0,0,0,,,,18.763,17.418,163.671,
154,214.440,0,4,5,251.110,248.597,253.683,255.183,265.183,300.681,0,1,0,,36.670,34.157,36.670,34.157,86.241,
155,215.390,0,7,5,251.110,248.597,253.683,255.183,265.183,338.130,0,0,0,,,,35.720,33.207,122.740,
156,216.680,0,6,5,251.110,248.597,253.683,255.183,265.183,326.147,0,0,0,,,,34.430,31.917,109.467,
157,217.420,0,7,5,251.110,248.597,253.683,255.183,265.183,338.130,0,0,0,,,,33.690,31.177,120.710,
158,218.890,0,8,5,251.110,248.597,253.683,255.183,265.183,351.613,0,0,0,,,,32.220,29.707,132.723,
159,218.920,0,7,5,251.110,248.597,253.683,255.183,265.183,338.130,0,0,0,,,,32.190,29.677,119.210,
160,223.340,0,2,5,251.110,248.597,253.683,255.183,265.183,276.214,0,0,0,,,,27.770,25.257,52.874,
161,227.700,4,0,1,235.478,233.223,238.052,239.552,244.152,257.520,1,1,0,,7.778,5.523,7.778,5.523,29.820,C D CD 
162,229.480,0,5,5,251.110,248.597,253.683,255.183,265.183,313.164,0,0,0,,,,21.630,19.117,83.684,
163,230.310,0,4,5,251.110,248.597,253.683,255.183,265.183,300.681,0,0,0,,,,20.800,18.287,70.371,
164,231.820,0,5,5,251.110,248.597,253.683,255.183,265.183,313.164,0,0,0,,,,19.290,16.777,81.344,
165,232.800,0,8,5,251.110,248.597,253.683,255.183,265.183,351.613,0,0,0,,,,18.310,15.797,118.813,
166,233.430,0,7,5,251.110,248.597,253.683,255.183,265.183,338.130,0,0,0,,,,17.680,15.167,104.700,
167,233.480,0,2,5,251.110,248.597,253.683,255.183,265.183,276.214,0,0,0,,,,17.630,15.117,42.734,
168,236.770,0,3,5,251.110,248.597,253.683,255.183,265.183,288.697,0,0,0,,,,14.340,11.827,51.927,
169,238.650,0,5,5,251.110,248.597,253.683,255.183,265.183,313.164,0,0,0,,,,12.460,9.947,74.514,
170,238.970,0,8,5,251.110,248.597,253.683,255.183,265.183,351.613,0,0,0,,,,12.140,9.627,112.643,
171,239.870,0,3,1,253.446,250.933,256.020,257.520,268.020,291.034,0,1,0,,13.576,11.063,13.576,11.063,51.164,
172,242.620,0,8,1,253.446,250.933,256.020,257.520,268.020,352.949,0,0,0,,,,10.826,8.313,110.329,
173,244.070,0,4,1,253.446,250.933,256.020,257.520,268.020,303.517,0,0,0,,,,9.376,6.863,59.447,
174,245.870,0,2,1,253.446,250.933,256.020,257.520,268.020,279.051,0,0,0,,,,7.576,5.063,33.181,
175,249.840,0,9,1,253.446,250.933,256.020,257.520,268.020,366.432,0,0,0,,,,3.606,1.093,116.592,
176,250.720,0,7,1,253.446,250.933,256.020,257.520,268.020,340.966,0,0,0,,,,2.726,0.213,90.246,
177,251.640,0,3,1,253.446,251.640,256.020,257.520,268.020,291.034,0,0,0,,,,1.806,0.000,39.394,
178,253.180,0,6,1,253.446,253.180,256.020,257.520,268.020,327.483,0,0,0,,,,0.266,0.000,74.303,
179,255.250,0,6,1,255.250,255.250,256.020,257.520,268.020,327.483,0,0,0,,,,0.000,0.000,72.233,
180,256.010,0,8,1,256.010,256.010,256.020,257.520,268.020,352.949,0,0,0,,,,0.000,0.000,96.939,
181,256.720,0,6,1,256.720,256.720,256.020,257.520,268.020,327.483,0,0,0,,,,0.000,0.000,70.763,
182,257.150,0,8,1,257.150,257.150,256.020,257.520,268.020,352.949,0,0,0,,,,0.000,0.000,95.799,
183,257.650,0,5,1,257.650,257.650,256.020,257.520,268.020,315.500,0,0,0,,,,0.000,0.000,57.850,
184,258.150,0,9,1,258.150,258.150,256.020,257.520,268.020,366.432,0,0,0,,,,0.000,0.000,108.282,
185,264.370,0,6,1,264.370,264.370,256.020,257.520,268.020,327.483,0,0,0,,,,0.000,0.000,63.113,
186,266.650,0,8,1,266.650,266.650,256.020,257.520,268.020,352.949,0,0,0,,,,0.000,0.000,86.299,
187,266.980,0,9,2,281.608,279.352,284.181,285.681,294.781,375.643,0,1,0,,14.628,12.372,14.628,12.372,108.663,
188,271.700,1,0,0,281.478,279.223,284.052,285.552,290.152,299.535,1,1,0,,9.778,7.523,9.778,7.523,27.835,
189,272.360,0,1,2,281.608,279.352,284.181,285.681,294.781,304.165,0,0,0,,,,9.248,6.992,31.805,
190,272.730,0,4,2,281.608,279.352,284.181,285.681,294.781,323.063,0,0,0,,,,8.878,6.622,50.333,
191,277.220,4,0,2,389.521,387.266,392.095,393.595,398.195,437.192,1,1,0,,112.301,110.046,112.301,110.046,159.972,C HC 
192,277.850,0,9,2,281.608,279.352,284.181,285.681,294.781,375.643,0,0,0,,,,3.758,1.502,97.793,
193,278.920,0,1,2,281.608,279.352,284.181,285.681,294.781,304.165,0,0,0,,,,2.688,0.432,25.245,
194,280.060,2,0,2,417.467,416.967,420.061,421.561,426.161,437.192,1,1,0,,137.407,136.907,137.407,136.907,157.132,C D CD 
195,280.530,0,6,2,281.608,280.530,284.181,285.681,294.781,348.029,0,0,0,,,,1.078,0.000,67.499,
196,281.340,0,8,2,281.608,281.340,284.181,285.681,294.781,362.160,0,0,0,,,,0.268,0.000,80.820,
197,281.820,0,4,2,281.820,281.820,284.181,285.681,294.781,323.063,0,0,0,,,,0.000,0.000,41.243,
198,282.960,0,6,2,282.960,282.960,284.181,285.681,294.781,348.029,0,0,0,,,,0.000,0.000,65.069,
199,284.250,0,5,2,284.250,284.250,284.181,285.681,294.781,336.046,0,0,0,,,,0.000,0.000,51.796,
200,284.350,0,4,4,284.350,284.350,283.811,285.311,291.911,338.243,0,1,0,,0.000,0.000,0.000,0.000,53.893,
201,287.030,0,9,2,287.030,287.030,284.181,285.681,294.781,375.643,0,0,0,,,,0.000,0.000,88.613,
202,287.420,1,8,2,300.070,299.570,302.665,304.165,310.765,362.160,1,1,0,,12.650,12.150,12.650,12.150,74.740,C D CD 
203,288.220,0,4,2,288.220,288.220,284.181,285.681,294.781,323.063,0,0,0,,,,0.000,0.000,34.843,
204,291.570,0,8,2,291.570,291.570,284.181,285.681,294.781,362.160,0,0,0,,,,0.000,0.000,70.590,
205,291.680,0,8,2,291.680,291.680,284.181,285.681,294.781,362.160,0,0,0,,,,0.000,0.000,70.480,
206,292.120,0,7,0,295.441,294.941,298.035,299.535,309.535,394.817,0,1,0,,3.321,2.821,3.321,2.821,102.697,C D CD 
207,292.970,0,5,0,295.441,294.941,298.035,299.535,309.535,369.351,0,0,0,,,,2.471,1.971,76.381,C D CD 
208,293.640,0,1,0,295.441,294.941,298.035,299.535,309.535,318.918,0,0,0,,,,1.801,1.301,25.278,C D CD 
209,294.120,0,3,0,295.441,294.941,298.035,299.535,309.535,344.885,0,0,0,,,,1.321,0.821,50.765,C D CD 
210,294.210,0,2,0,295.441,294.941,298.035,299.535,309.535,332.401,0,0,0,,,,1.231,0.731,38.191,C D CD 
211,298.570,0,1,0,298.570,298.570,298.035,299.535,309.535,318.918,0,0,0,,,,0.000,0.000,20.348,
212,301.810,0,5,0,301.810,301.810,298.035,299.535,309.535,369.351,0,0,0,,,,0.000,0.000,67.541,
213,303.000,0,5,0,303.000,303.000,298.035,299.535,309.535,369.351,0,0,0,,,,0.000,0.000,66.351,
214,303.320,0,5,0,303.320,303.320,298.035,299.535,309.535,369.351,0,0,0,,,,0.000,0.000,66.031,
215,305.000,0,4,0,305.000,305.000,298.035,299.535,309.535,357.368,0,0,0,,,,0.000,0.000,52.368,
216,305.400,0,6,0,305.400,305.400,298.035,299.535,309.535,382.834,0,0,0,,,,0.000,0.000,77.434,
217,305.590,0,3,0,305.590,305.590,298.035,299.535,309.535,344.885,0,0,0,,,,0.000,0.000,39.295,
218,305.750,0,2,0,305.750,305.750,298.035,299.535,309.535,332.401,0,0,0,,,,0.000,0.000,26.651,
219,307.680,0,1,0,307.680,307.680,298.035,299.535,309.535,318.918,0,0,0,,,,0.000,0.000,11.238,
220,307.760,0,1,0,307.760,307.760,298.035,299.535,309.535,318.918,0,0,0,,,,0.000,0.000,11.158,
221,310.640,0,4,3,352.181,349.926,354.755,356.255,366.255,416.588,1,1,0,,41.541,39.286,41.541,39.286,105.948,
222,313.110,0,6,3,352.181,349.926,354.755,356.255,366.255,442.554,0,0,0,,,,39.071,36.816,129.444,
223,314.820,0,5,3,352.181,349.926,354.755,356.255,366.255,429.071,0,0,0,,,,37.361,35.106,114.251,
224,315.920,0,9,3,352.181,349.926,354.755,356.255,366.255,469.168,0,0,0,,,,36.261,34.006,153.248,
225,317.480,0,2,3,352.181,349.926,354.755,356.255,366.255,388.121,0,0,0,,,,34.701,32.446,70.641,
226,319.560,8,2,5,347.519,347.019,350.113,351.613,358.213,373.565,1,1,0,,27.959,27.459,27.959,27.459,54.005,C 
227,320.460,0,5,3,352.181,349.926,354.755,356.255,366.255,429.071,0,0,0,,,,31.721,29.466,108.611,
228,323.480,0,4,3,352.181,349.926,354.755,356.255,366.255,416.588,0,0,0,,,,28.701,26.446,93.108,
229,325.650,8,1,5,347.519,347.019,350.113,351.613,358.213,385.548,0,0,0,,,,21.869,21.369,59.898,C 
230,326.360,0,6,3,352.181,349.926,354.755,356.255,366.255,442.554,0,0,0,,,,25.821,23.566,116.194,
231,327.790,0,1,3,352.181,349.926,354.755,356.255,366.255,375.638,0,0,0,,,,24.391,22.136,47.848,
232,327.910,0,5,3,352.181,349.926,354.755,356.255,366.255,429.071,0,0,0,,,,24.271,22.016,101.161,
233,333.780,0,1,3,352.181,349.926,354.755,356.255,366.255,375.638,0,0,0,,,,18.401,16.146,41.858,
234,335.010,0,5,3,352.181,349.926,354.755,356.255,366.255,429.071,0,0,0,,,,17.171,14.916,94.061,
235,337.090,0,2,3,352.181,349.926,354.755,356.255,366.255,388.121,0,0,0,,,,15.091,12.836,51.031,
236,337.230,0,6,3,352.181,349.926,354.755,356.255,366.255,442.554,0,0,0,,,,14.951,12.696,105.324,
237,338.170,0,3,3,352.181,349.926,354.755,356.255,366.255,404.105,0,0,0,,,,14.011,11.756,65.935,
238,341.400,0,3,3,352.181,349.926,354.755,356.255,366.255,404.105,0,0,0,,,,10.781,8.526,62.705,
239,344.130,0,7,5,393.437,392.937,396.031,397.531,407.531,484.978,0,1,0,,49.307,48.807,49.307,48.807,140.848,
240,347.980,0,3,5,393.437,392.937,396.031,397.531,407.531,441.381,0,0,0,,,,45.457,44.957,93.401,
241,348.300,0,5,5,393.437,392.937,396.031,397.531,407.531,455.512,0,0,0,,,,45.137,44.637,107.212,
242,352.430,0,6,5,393.437,392.937,396.031,397.531,407.531,468.995,0,0,0,,,,41.007,40.507,116.565,
243,355.170,0,8,5,393.437,392.937,396.031,397.531,407.531,497.961,0,0,0,,,,38.267,37.767,142.791,
244,356.400,0,6,5,393.437,392.937,396.031,397.531,407.531,468.995,0,0,0,,,,37.037,36.537,112.595,
245,356.920,0,7,5,393.437,392.937,396.031,397.531,407.531,484.978,0,0,0,,,,36.517,36.017,128.058,
246,357.650,0,9,5,393.437,392.937,396.031,397.531,407.531,510.444,0,0,0,,,,35.787,35.287,152.794,
247,358.350,0,8,5,393.437,392.937,396.031,397.531,407.531,497.961,0,0,0,,,,35.087,34.587,139.611,
248,359.110,6,7,5,464.900,464.400,467.495,468.995,475.595,484.978,1,1,0,,105.790,105.290,105.790,105.290,125.868,C D CD 
249,359.700,0,1,5,393.437,392.937,396.031,397.531,407.531,416.914,0,0,0,,,,33.737,33.237,57.214,
250,360.680,0,5,5,393.437,392.937,396.031,397.531,407.531,455.512,0,0,0,,,,32.757,32.257,94.832,
251,361.090,0,3,5,393.437,392.937,396.031,397.531,407.531,441.381,0,0,0,,,,32.347,31.847,80.291,
252,363.090,0,1,5,393.437,392.937,396.031,397.531,407.531,416.914,0,0,0,,,,30.347,29.847,53.824,
253,363.790,0,5,5,393.437,392.937,396.031,397.531,407.531,455.512,0,0,0,,,,29.647,29.147,91.722,
254,367.280,0,2,5,393.437,392.937,396.031,397.531,407.531,429.398,0,0,0,,,,26.157,25.657,62.118,
255,368.380,0,5,5,393.437,392.937,396.031,397.531,407.531,455.512,0,0,0,,,,25.057,24.557,87.132,
256,368.380,0,9,1,383.811,381.555,386.384,387.884,397.884,476.246,0,1,0,,15.431,13.175,15.431,13.175,107.866,
257,368.850,0,3,1,383.811,381.555,386.384,387.884,397.884,420.898,0,0,0,,,,14.961,12.705,52.048,
258,369.360,0,3,1,383.811,381.555,386.384,387.884,397.884,420.898,0,0,0,,,,14.451,12.195,51.538,
259,371.770,0,3,1,383.811,381.555,386.384,387.884,397.884,420.898,0,0,0,,,,12.041,9.785,49.128,
260,372.320,0,4,1,383.811,381.555,386.384,387.884,397.884,434.382,0,0,0,,,,11.491,9.235,62.062,
261,372.490,2,8,3,384.027,383.527,386.621,388.121,394.721,457.185,1,1,0,,11.537,11.037,11.537,11.037,84.695,C 
262,372.600,0,8,1,383.811,381.555,386.384,387.884,397.884,462.263,0,0,0,,,,11.211,8.955,89.663,
263,373.690,0,8,1,383.811,381.555,386.384,387.884,397.884,462.263,0,0,0,,,,10.121,7.865,88.573,
264,375.610,0,3,1,383.811,381.555,386.384,387.884,397.884,420.898,0,0,0,,,,8.201,5.945,45.288,
265,375.670,0,8,1,383.811,381.555,386.384,387.884,397.884,462.263,0,0,0,,,,8.141,5.885,86.593,
266,375.880,0,9,1,383.811,381.555,386.384,387.884,397.884,476.246,0,0,0,,,,7.931,5.675,100.366,
267,375.920,0,8,1,383.811,381.555,386.384,387.884,397.884,462.263,0,0,0,,,,7.891,5.635,86.343,
268,376.490,0,1,1,383.811,381.555,386.384,387.884,397.884,407.268,0,0,0,,,,7.321,5.065,30.778,
269,377.520,3,0,2,403.484,402.984,406.078,407.578,412.178,437.192,1,1,0,,25.964,25.464,25.964,25.464,59.672,C 
270,379.000,0,4,1,383.811,381.555,386.384,387.884,397.884,434.382,0,0,0,,,,4.811,2.555,55.382,
271,380.760,0,8,1,383.811,381.555,386.384,387.884,397.884,462.263,0,0,0,,,,3.051,0.795,81.503,
272,385.380,0,7,1,385.380,385.380,386.384,387.884,397.884,450.280,0,0,0,,,,0.000,0.000,64.900,
273,385.600,0,4,1,385.600,385.600,386.384,387.884,397.884,434.382,0,0,0,,,,0.000,0.000,48.782,
274,385.900,0,7,4,407.702,405.447,410.276,411.776,421.276,497.222,0,1,0,,21.802,19.547,21.802,19.547,111.322,
275,389.310,0,2,4,407.702,405.447,410.276,411.776,421.276,444.642,0,0,0,,,,18.392,16.137,55.332,
276,390.450,0,9,4,407.702,405.447,410.276,411.776,421.276,512.353,0,0,0,,,,17.252,14.997,121.903,
277,390.900,0,5,4,407.702,405.447,410.276,411.776,421.276,470.256,0,0,0,,,,16.802,14.547,79.356,
278,391.810,0,6,4,407.702,405.447,410.276,411.776,421.276,484.239,0,0,0,,,,15.892,13.637,92.429,
279,393.990,0,9,4,407.702,405.447,410.276,411.776,421.276,512.353,0,0,0,,,,13.712,11.457,118.363,
280,394.590,0,7,4,407.702,405.447,410.276,411.776,421.276,497.222,0,0,0,,,,13.112,10.857,102.632,
281,394.760,0,5,4,407.702,405.447,410.276,411.776,421.276,470.256,0,0,0,,,,12.942,10.687,75.496,
282,395.260,0,5,4,407.702,405.447,410.276,411.776,421.276,470.256,0,0,0,,,,12.442,10.187,74.996,
283,396.210,0,7,4,407.702,405.447,410.276,411.776,421.276,497.222,0,0,0,,,,11.492,9.237,101.012,
284,396.300,0,6,4,407.702,405.447,410.276,411.776,421.276,484.239,0,0,0,,,,11.402,9.147,87.939,
285,396.970,0,7,4,407.702,405.447,410.276,411.776,421.276,497.222,0,0,0,,,,10.732,8.477,100.252,
286,397.820,0,3,4,407.702,405.447,410.276,411.776,421.276,456.625,0,0,0,,,,9.882,7.627,58.805,
287,399.420,1,6,4,426.564,426.064,429.159,430.659,435.259,484.239,1,1,0,,27.144,26.644,27.144,26.644,84.819,C D CD 
288,400.030,0,5,4,407.702,405.447,410.276,411.776,421.276,470.256,0,0,0,,,,7.672,5.417,70.226,
289,404.420,0,5,4,407.702,405.447,410.276,411.776,421.276,470.256,0,0,0,,,,3.282,1.027,65.836,
290,406.070,0,6,0,415.848,413.593,418.422,419.922,429.922,490.885,0,1,0,,9.778,7.523,9.778,7.523,84.815,C D CD 
291,406.630,0,9,0,415.848,413.593,418.422,419.922,429.922,528.335,0,0,0,,,,9.218,6.963,121.705,C D CD 
292,406.880,0,1,0,415.848,413.593,418.422,419.922,429.922,439.305,0,0,0,,,,8.968,6.713,32.425,C D CD 
293,407.550,0,4,0,415.848,413.593,418.422,419.922,429.922,465.419,0,0,0,,,,8.298,6.043,57.869,C D CD 
294,410.270,0,8,0,415.848,413.593,418.422,419.922,429.922,515.852,0,0,0,,,,5.578,3.323,105.582,C D CD 
295,411.270,0,5,0,415.848,413.593,418.422,419.922,429.922,478.402,0,0,0,,,,4.578,2.323,67.132,C D CD 
296,411.740,0,1,0,415.848,413.593,418.422,419.922,429.922,439.305,0,0,0,,,,4.108,1.853,27.565,C D CD 
297,413.340,0,6,0,415.848,413.593,418.422,419.922,429.922,490.885,0,0,0,,,,2.508,0.253,77.545,C D CD 
298,413.470,0,4,0,415.848,413.593,418.422,419.922,429.922,465.419,0,0,0,,,,2.378,0.123,51.949,C D CD 
299,414.560,0,5,0,415.848,414.560,418.422,419.922,429.922,478.402,0,0,0,,,,1.288,0.000,63.842,C D CD 
300,415.050,5,0,0,540.729,538.216,543.302,544.802,549.402,563.754,1,1,0,,125.679,123.166,125.679,123.166,148.704,C HC 
301,415.330,0,7,0,415.848,415.330,418.422,419.922,429.922,503.869,0,0,0,,,,0.518,0.000,88.539,C D CD 
302,416.550,0,8,0,416.550,416.550,418.422,419.922,429.922,515.852,0,0,0,,,,0.000,0.000,99.302,C D CD 
303,417.580,0,9,0,417.580,417.580,418.422,419.922,429.922,528.335,0,0,0,,,,0.000,0.000,110.755,C D CD 
304,417.770,0,4,0,417.770,417.770,418.422,419.922,429.922,465.419,0,0,0,,,,0.000,0.000,47.649,C D CD 
305,417.940,0,3,0,417.940,417.940,418.422,419.922,429.922,453.436,0,0,0,,,,0.000,0.000,35.496,C D CD 
306,420.600,0,2,2,433.118,431.774,435.692,437.192,447.692,469.058,0,1,0,,12.518,11.174,12.518,11.174,48.458,C D CD 
307,422.020,0,6,0,422.020,422.020,418.422,419.922,429.922,490.885,0,0,0,,,,0.000,0.000,68.865,
308,427.650,0,5,2,433.118,431.774,435.692,437.192,447.692,506.508,0,0,0,,,,5.468,4.124,78.858,
309,428.210,0,5,2,433.118,431.774,435.692,437.192,447.692,506.508,0,0,0,,,,4.908,3.564,78.298,
310,428.920,0,7,2,433.118,431.774,435.692,437.192,447.692,531.474,0,0,0,,,,4.198,2.854,102.554,
311,429.560,0,3,2,433.118,431.774,435.692,437.192,447.692,482.542,0,0,0,,,,3.558,2.214,52.982,
312,431.500,5,0,0,540.729,538.216,543.302,544.802,549.402,563.754,0,0,0,,,,109.229,106.716,132.254,C HC 
313,433.970,0,7,2,433.970,433.970,435.692,437.192,447.692,531.474,0,0,0,,,,0.000,0.000,97.504,
314,434.300,0,6,2,434.300,434.300,435.692,437.192,447.692,519.491,0,0,0,,,,0.000,0.000,85.191,
315,434.770,0,5,2,434.770,434.770,435.692,437.192,447.692,506.508,0,0,0,,,,0.000,0.000,71.738,
316,435.040,0,2,2,435.040,435.040,435.692,437.192,447.692,469.058,0,0,0,,,,0.000,0.000,34.018,
317,435.520,0,2,2,435.520,435.520,435.692,437.192,447.692,469.058,0,0,0,,,,0.000,0.000,33.538,
318,435.540,0,1,2,435.540,435.540,435.692,437.192,447.692,457.075,0,0,0,,,,0.000,0.000,21.535,
319,441.730,0,7,2,441.730,441.730,435.692,437.192,447.692,531.474,0,0,0,,,,0.000,0.000,89.744,
320,443.070,0,2,2,443.070,443.070,435.692,437.192,447.692,469.058,0,0,0,,,,0.000,0.000,25.988,
321,443.870,0,4,2,443.870,443.870,435.692,437.192,447.692,494.525,0,0,0,,,,0.000,0.000,50.655,
322,451.720,0,9,3,486.046,483.791,488.620,490.120,500.120,595.697,1,1,0,,34.326,32.071,34.326,32.071,143.977,
323,452.070,0,5,3,486.046,483.791,488.620,490.120,500.120,553.100,0,0,0,,,,33.976,31.721,101.030,
324,455.630,0,7,3,486.046,483.791,488.620,490.120,500.120,582.067,0,0,0,,,,30.416,28.161,126.437,
325,456.400,0,3,3,486.046,483.791,488.620,490.120,500.120,523.134,0,0,0,,,,29.646,27.391,66.734,
326,457.130,0,6,3,486.046,483.791,488.620,490.120,500.120,569.083,0,0,0,,,,28.916,26.661,111.953,
327,457.780,0,4,3,486.046,483.791,488.620,490.120,500.120,537.117,0,0,0,,,,28.266,26.011,79.337,
328,458.540,0,3,3,486.046,483.791,488.620,490.120,500.120,523.134,0,0,0,,,,27.506,25.251,64.594,
329,460.870,0,9,3,486.046,483.791,488.620,490.120,500.120,595.697,0,0,0,,,,25.176,22.921,134.827,
330,463.800,0,3,3,486.046,483.791,488.620,490.120,500.120,523.134,0,0,0,,,,22.246,19.991,59.334,
331,464.880,0,6,3,486.046,483.791,488.620,490.120,500.120,569.083,0,0,0,,,,21.166,18.911,104.203,
332,467.290,0,6,3,486.046,483.791,488.620,490.120,500.120,569.083,0,0,0,,,,18.756,16.501,101.793,
333,467.550,0,2,3,486.046,483.791,488.620,490.120,500.120,511.151,0,0,0,,,,18.496,16.241,43.601,
334,468.580,0,5,3,486.046,483.791,488.620,490.120,500.120,553.100,0,0,0,,,,17.466,15.211,84.520,
335,469.600,0,4,3,486.046,483.791,488.620,490.120,500.120,537.117,0,0,0,,,,16.446,14.191,67.517,
336,469.940,0,3,3,486.046,483.791,488.620,490.120,500.120,523.134,0,0,0,,,,16.106,13.851,53.194,
337,470.100,0,3,3,486.046,483.791,488.620,490.120,500.120,523.134,0,0,0,,,,15.946,13.691,53.034,
338,470.470,0,8,1,493.624,491.369,496.198,497.698,507.698,597.128,0,1,0,,23.154,20.899,23.154,20.899,126.658,
339,476.460,0,3,1,493.624,491.369,496.198,497.698,507.698,542.047,0,0,0,,,,17.164,14.909,65.587,
340,477.970,0,4,1,493.624,491.369,496.198,497.698,507.698,555.031,0,0,0,,,,15.654,13.399,77.061,
341,480.360,7,0,5,645.141,646.050,649.144,650.644,655.244,671.596,1,1,0,,164.781,165.690,164.781,165.690,191.236,C D HC CD 
342,482.140,0,2,1,493.624,491.369,496.198,497.698,507.698,529.564,0,0,0,,,,11.484,9.229,47.424,
343,483.970,0,3,1,493.624,491.369,496.198,497.698,507.698,542.047,0,0,0,,,,9.654,7.399,58.077,
344,485.550,0,6,1,493.624,491.369,496.198,497.698,507.698,568.661,0,0,0,,,,8.074,5.819,83.111,
345,486.120,0,6,1,493.624,491.369,496.198,497.698,507.698,568.661,0,0,0,,,,7.504,5.249,82.541,
346,486.370,0,7,1,493.624,491.369,496.198,497.698,507.698,584.645,0,0,0,,,,7.254,4.999,98.275,
347,488.190,0,1,1,493.624,491.369,496.198,497.698,507.698,517.081,0,0,0,,,,5.434,3.179,28.891,
348,490.630,7,4,4,522.410,521.066,524.984,526.484,531.084,543.382,0,1,0,,31.780,30.436,31.780,30.436,52.752,C HC 
349,490.820,0,2,1,493.624,491.369,496.198,497.698,507.698,529.564,0,0,0,,,,2.804,0.549,38.744,
350,491.640,0,9,1,493.624,491.640,496.198,497.698,507.698,610.111,0,0,0,,,,1.984,0.000,118.471,
351,491.860,0,8,1,493.624,491.860,496.198,497.698,507.698,597.128,0,0,0,,,,1.764,0.000,105.268,
352,496.980,0,7,1,496.980,496.980,496.198,497.698,507.698,584.645,0,0,0,,,,0.000,0.000,87.665,
353,499.410,0,9,1,499.410,499.410,496.198,497.698,507.698,610.111,0,0,0,,,,0.000,0.000,110.701,
354,499.810,0,3,1,499.810,499.810,496.198,497.698,507.698,542.047,0,0,0,,,,0.000,0.000,42.237,
355,501.620,0,1,1,501.620,501.620,496.198,497.698,507.698,517.081,0,0,0,,,,0.000,0.000,15.461,
356,503.080,0,5,5,527.322,525.067,529.896,531.396,541.396,600.712,0,1,0,,24.242,21.987,24.242,21.987,97.632,
357,506.080,0,7,5,527.322,525.067,529.896,531.396,541.396,625.678,0,0,0,,,,21.242,18.987,119.598,
358,506.340,0,2,5,527.322,525.067,529.896,531.396,541.396,562.762,0,0,0,,,,20.982,18.727,56.422,
359,508.170,0,3,5,527.322,525.067,529.896,531.396,541.396,575.746,0,0,0,,,,19.152,16.897,67.576,
360,509.930,0,4,5,527.322,525.067,529.896,531.396,541.396,588.729,0,0,0,,,,17.392,15.137,78.799,
361,510.680,0,5,5,527.322,525.067,529.896,531.396,541.396,600.712,0,0,0,,,,16.642,14.387,90.032,
362,511.950,0,1,5,527.322,525.067,529.896,531.396,541.396,550.779,0,0,0,,,,15.372,13.117,38.829,
363,512.620,0,3,5,527.322,525.067,529.896,531.396,541.396,575.746,0,0,0,,,,14.702,12.447,63.126,
364,514.980,0,3,5,527.322,525.067,529.896,531.396,541.396,575.746,0,0,0,,,,12.342,10.087,60.766,
365,518.780,4,9,3,533.023,532.523,535.617,537.117,543.717,595.697,1,1,0,,14.243,13.743,14.243,13.743,76.917,
366,521.130,0,7,5,527.322,525.067,529.896,531.396,541.396,625.678,0,0,0,,,,6.192,3.937,104.548,
367,522.670,0,8,5,527.322,525.067,529.896,531.396,541.396,638.161,0,0,0,,,,4.652,2.397,115.491,
368,525.710,0,5,5,527.322,525.710,529.896,531.396,541.396,600.712,0,0,0,,,,1.612,0.000,75.002,
369,527.720,0,2,5,527.720,527.720,529.896,531.396,541.396,562.762,0,0,0,,,,0.000,0.000,35.042,
370,528.690,0,2,5,528.690,528.690,529.896,531.396,541.396,562.762,0,0,0,,,,0.000,0.000,34.072,
371,529.440,0,8,5,529.440,529.440,529.896,531.396,541.396,638.161,0,0,0,,,,0.000,0.000,108.721,
372,529.560,5,9,3,549.006,548.506,551.600,553.100,559.700,595.697,1,1,0,,19.446,18.946,19.446,18.946,66.137,C 
373,530.130,0,6,5,530.130,530.130,529.896,531.396,541.396,613.695,0,0,0,,,,0.000,0.000,83.565,
374,531.020,0,7,4,555.276,552.763,557.850,559.350,569.350,643.296,0,1,0,,24.256,21.743,24.256,21.743,112.276,C D CD 
375,531.300,5,0,2,542.031,540.687,544.605,546.105,550.705,565.057,0,1,0,,10.731,9.387,10.731,9.387,33.757,C D CD 
376,532.140,0,9,4,555.276,552.763,557.850,559.350,569.350,656.927,0,0,0,,,,23.136,20.623,124.787,C D CD 
377,533.310,0,2,4,555.276,552.763,557.850,559.350,569.350,580.381,0,0,0,,,,21.966,19.453,47.071,C D CD 
378,535.570,9,0,0,582.633,580.377,585.206,586.706,591.306,633.625,1,1,0,,47.063,44.807,47.063,44.807,98.055,
379,536.060,0,5,4,555.276,552.763,557.850,559.350,569.350,617.330,0,0,0,,,,19.216,16.703,81.270,C D CD 
380,536.720,0,5,4,555.276,552.763,557.850,559.350,569.350,617.330,0,0,0,,,,18.556,16.043,80.610,C D CD 
381,537.280,0,2,4,555.276,552.763,557.850,559.350,569.350,580.381,0,0,0,,,,17.996,15.483,43.101,C D CD 
382,538.340,0,9,4,555.276,552.763,557.850,559.350,569.350,656.927,0,0,0,,,,16.936,14.423,118.587,C D CD 
383,544.440,0,3,4,555.276,552.763,557.850,559.350,569.350,593.364,0,0,0,,,,10.836,8.323,48.924,C D CD 
384,545.920,0,4,4,555.276,552.763,557.850,559.350,569.350,605.347,0,0,0,,,,9.356,6.843,59.427,C D CD 
385,548.490,0,9,4,555.276,552.763,557.850,559.350,569.350,656.927,0,0,0,,,,6.786,4.273,108.437,C D CD 
386,548.570,0,6,4,555.276,552.763,557.850,559.350,569.350,630.313,0,0,0,,,,6.706,4.193,81.743,C D CD 
387,548.620,0,9,4,555.276,552.763,557.850,559.350,569.350,656.927,0,0,0,,,,6.656,4.143,108.307,C D CD 
388,548.690,0,5,4,555.276,552.763,557.850,559.350,569.350,617.330,0,0,0,,,,6.586,4.073,68.640,C D CD 
389,549.070,0,6,4,555.276,552.763,557.850,559.350,569.350,630.313,0,0,0,,,,6.206,3.693,81.243,C D CD 
390,549.370,0,6,4,555.276,552.763,557.850,559.350,569.350,630.313,0,0,0,,,,5.906,3.393,80.943,C D CD 
391,553.900,6,8,1,564.588,563.243,567.161,568.661,575.261,597.128,1,1,0,,10.688,9.343,10.688,9.343,43.228,C D CD 
392,555.090,0,2,4,555.276,555.090,557.850,559.350,569.350,580.381,0,0,0,,,,0.186,0.000,25.291,C D CD 
393,555.680,0,7,2,560.983,558.728,563.557,565.057,575.557,629.452,0,1,0,,5.303,3.048,5.303,3.048,73.772,C D CD 
394,556.760,8,0,0,596.595,596.095,599.190,600.690,605.290,633.625,1,1,0,,39.835,39.335,39.835,39.335,76.865,C 
395,556.890,0,8,2,560.983,558.728,563.557,565.057,575.557,641.436,0,0,0,,,,4.093,1.838,84.546,C D CD 
396,557.960,0,4,2,560.983,558.728,563.557,565.057,575.557,600.838,0,0,0,,,,3.023,0.768,42.878,C D CD 
397,559.040,0,1,2,560.983,559.040,563.557,565.057,575.557,584.940,0,0,0,,,,1.943,0.000,25.900,C D CD 
398,559.580,0,8,2,560.983,559.580,563.557,565.057,575.557,641.436,0,0,0,,,,1.403,0.000,81.856,C D CD 
399,561.150,0,4,2,561.150,561.150,563.557,565.057,575.557,600.838,0,0,0,,,,0.000,0.000,39.688,C D CD 
400,561.570,0,9,2,561.570,561.570,563.557,565.057,575.557,653.919,0,0,0,,,,0.000,0.000,92.349,C D CD 
401,562.600,0,6,2,562.600,562.600,563.557,565.057,575.557,615.969,0,0,0,,,,0.000,0.000,53.369,C D CD 
402,563.610,0,9,2,563.610,563.610,563.557,565.057,575.557,653.919,0,0,0,,,,0.000,0.000,90.309,C D CD 
403,564.750,0,4,2,564.750,564.750,563.557,565.057,575.557,600.838,0,0,0,,,,0.000,0.000,36.088,C D CD 
404,565.050,0,1,2,565.050,565.050,563.557,565.057,575.557,584.940,0,0,0,,,,0.000,0.000,19.890,C D CD 
405,567.370,0,1,2,567.370,567.370,563.557,565.057,575.557,584.940,0,0,0,,,,0.000,0.000,17.570,C D CD 
406,567.580,0,6,2,567.580,567.580,563.557,565.057,575.557,615.969,0,0,0,,,,0.000,0.000,48.389,C D CD 
407,570.430,0,4,2,570.430,570.430,563.557,565.057,575.557,600.838,0,0,0,,,,0.000,0.000,30.408,
408,570.590,0,6,2,570.590,570.590,563.557,565.057,575.557,615.969,0,0,0,,,,0.000,0.000,45.379,
409,570.900,0,6,2,570.900,570.900,563.557,565.057,575.557,615.969,0,0,0,,,,0.000,0.000,45.069,
410,573.960,0,4,3,614.076,611.820,616.649,618.149,628.149,674.482,0,1,0,,40.116,37.860,40.116,37.860,100.522,
411,574.610,0,9,3,614.076,611.820,616.649,618.149,628.149,735.898,0,0,0,,,,39.466,37.210,161.288,
412,574.860,0,4,3,614.076,611.820,616.649,618.149,628.149,674.482,0,0,0,,,,39.216,36.960,99.622,
413,576.710,0,8,3,614.076,611.820,616.649,618.149,628.149,723.414,0,0,0,,,,37.366,35.110,146.704,
414,576.710,0,5,3,614.076,611.820,616.649,618.149,628.149,686.965,0,0,0,,,,37.366,35.110,110.255,
415,576.960,0,2,3,614.076,611.820,616.649,618.149,628.149,649.516,0,0,0,,,,37.116,34.860,72.556,
416,578.050,0,3,3,614.076,611.820,616.649,618.149,628.149,661.499,0,0,0,,,,36.026,33.770,83.449,
417,578.220,0,9,3,614.076,611.820,616.649,618.149,628.149,735.898,0,0,0,,,,35.856,33.600,157.678,
418,578.470,0,3,3,614.076,611.820,616.649,618.149,628.149,661.499,0,0,0,,,,35.606,33.350,83.029,
419,578.580,0,3,3,614.076,611.820,616.649,618.149,628.149,661.499,0,0,0,,,,35.496,33.240,82.919,
420,580.260,0,1,3,614.076,611.820,616.649,618.149,628.149,637.533,0,0,0,,,,33.816,31.560,57.273,
421,582.870,0,6,3,614.076,611.820,616.649,618.149,628.149,699.448,0,0,0,,,,31.206,28.950,116.578,
422,585.310,0,9,3,614.076,611.820,616.649,618.149,628.149,735.898,0,0,0,,,,28.766,26.510,150.588,
423,588.820,0,7,3,614.076,611.820,616.649,618.149,628.149,711.431,0,0,0,,,,25.256,23.000,122.611,
424,588.830,8,1,0,596.595,596.095,599.190,600.690,605.290,621.642,0,0,0,,,,7.765,7.265,32.812,C 
425,589.920,0,5,3,614.076,611.820,616.649,618.149,628.149,686.965,0,0,0,,,,24.156,21.900,97.045,
426,590.440,0,8,3,614.076,611.820,616.649,618.149,628.149,723.414,0,0,0,,,,23.636,21.380,132.974,
427,590.570,0,2,1,627.489,625.234,630.063,631.563,641.563,663.929,0,1,0,,36.919,34.664,36.919,34.664,73.359,
428,590.740,0,8,1,627.489,625.234,630.063,631.563,641.563,727.993,0,0,0,,,,36.749,34.494,137.253,
429,591.040,0,6,1,627.489,625.234,630.063,631.563,641.563,702.526,0,0,0,,,,36.449,34.194,111.486,
430,593.450,0,1,1,627.489,625.234,630.063,631.563,641.563,650.946,0,0,0,,,,34.039,31.784,57.496,
431,595.750,0,7,1,627.489,625.234,630.063,631.563,641.563,715.009,0,0,0,,,,31.739,29.484,119.259,
432,597.860,0,8,1,627.489,625.234,630.063,631.563,641.563,727.993,0,0,0,,,,29.629,27.374,130.133,
433,599.310,0,1,1,627.489,625.234,630.063,631.563,641.563,650.946,0,0,0,,,,28.179,25.924,51.636,
434,600.070,0,6,1,627.489,625.234,630.063,631.563,641.563,702.526,0,0,0,,,,27.419,25.164,102.456,
435,602.550,0,5,1,627.489,625.234,630.063,631.563,641.563,690.543,0,0,0,,,,24.939,22.684,87.993,
436,603.850,0,7,1,627.489,625.234,630.063,631.563,641.563,715.009,0,0,0,,,,23.639,21.384,111.159,
437,603.870,0,2,1,627.489,625.234,630.063,631.563,641.563,663.929,0,0,0,,,,23.619,21.364,60.059,
438,603.980,0,4,1,627.489,625.234,630.063,631.563,641.563,678.560,0,0,0,,,,23.509,21.254,74.580,
439,604.020,0,8,1,627.489,625.234,630.063,631.563,641.563,727.993,0,0,0,,,,23.469,21.214,123.973,
440,604.350,0,1,1,627.489,625.234,630.063,631.563,641.563,650.946,0,0,0,,,,23.139,20.884,46.596,
441,605.510,0,2,1,627.489,625.234,630.063,631.563,641.563,663.929,0,0,0,,,,21.979,19.724,58.419,
442,606.540,0,7,1,627.489,625.234,630.063,631.563,641.563,715.009,0,0,0,,,,20.949,18.694,108.469,
443,606.970,0,7,0,629.530,629.030,632.125,633.625,644.625,728.407,0,1,0,,22.560,22.060,22.560,22.060,121.437,
444,608.190,0,3,0,629.530,629.030,632.125,633.625,644.625,679.474,0,0,0,,,,21.340,20.840,71.284,
445,608.320,0,2,0,629.530,629.030,632.125,633.625,644.625,665.991,0,0,0,,,,21.210,20.710,57.671,
446,608.960,0,8,0,629.530,629.030,632.125,633.625,644.625,741.390,0,0,0,,,,20.570,20.070,132.430,
447,612.130,0,4,0,629.530,629.030,632.125,633.625,644.625,691.457,0,0,0,,,,17.400,16.900,79.327,
448,613.840,0,5,0,629.530,629.030,632.125,633.625,644.625,703.440,0,0,0,,,,15.690,15.190,89.600,
449,616.070,0,7,0,629.530,629.030,632.125,633.625,644.625,728.407,0,0,0,,,,13.460,12.960,112.337,
450,617.880,0,7,0,629.530,629.030,632.125,633.625,644.625,728.407,0,0,0,,,,11.650,11.150,110.527,
451,620.520,0,2,0,629.530,629.030,632.125,633.625,644.625,665.991,0,0,0,,,,9.010,8.510,45.471,
452,627.670,0,1,0,629.530,629.030,632.125,633.625,644.625,654.008,0,0,0,,,,1.860,1.360,26.338,
453,628.180,0,5,0,629.530,629.030,632.125,633.625,644.625,703.440,0,0,0,,,,1.350,0.850,75.260,
454,628.290,0,9,0,629.530,629.030,632.125,633.625,644.625,753.373,0,0,0,,,,1.240,0.740,125.083,
455,629.370,0,2,0,629.530,629.370,632.125,633.625,644.625,665.991,0,0,0,,,,0.160,0.000,36.621,
456,629.530,4,0,1,740.886,738.373,743.460,744.960,749.560,762.928,1,1,0,,111.356,108.843,111.356,108.843,133.398,C HC 
457,629.970,0,6,0,629.970,629.970,632.125,633.625,644.625,716.423,0,0,0,,,,0.000,0.000,86.453,
458,630.130,0,5,0,630.130,630.130,632.125,633.625,644.625,703.440,0,0,0,,,,0.000,0.000,73.310,
459,630.680,0,2,0,630.680,630.680,632.125,633.625,644.625,665.991,0,0,0,,,,0.000,0.000,35.311,
460,631.800,0,9,5,667.523,665.267,670.096,671.596,682.096,789.509,0,1,0,,35.723,33.467,35.723,33.467,157.709,
461,631.980,0,3,5,667.523,665.267,670.096,671.596,682.096,716.446,0,0,0,,,,35.543,33.287,84.466,
462,634.940,0,8,5,667.523,665.267,670.096,671.596,682.096,773.526,0,0,0,,,,32.583,30.327,138.586,
463,635.660,0,7,5,667.523,665.267,670.096,671.596,682.096,760.543,0,0,0,,,,31.863,29.607,124.883,
464,636.540,0,1,5,667.523,665.267,670.096,671.596,682.096,691.479,0,0,0,,,,30.983,28.727,54.939,
465,637.740,0,3,5,667.523,665.267,670.096,671.596,682.096,716.446,0,0,0,,,,29.783,27.527,78.706,
466,638.840,0,3,5,667.523,665.267,670.096,671.596,682.096,716.446,0,0,0,,,,28.683,26.427,77.606,
467,639.610,0,5,5,667.523,665.267,670.096,671.596,682.096,731.577,0,0,0,,,,27.913,25.657,91.967,
468,640.890,0,2,5,667.523,665.267,670.096,671.596,682.096,704.463,0,0,0,,,,26.633,24.377,63.573,
469,641.220,0,1,5,667.523,665.267,670.096,671.596,682.096,691.479,0,0,0,,,,26.303,24.047,50.259,
470,645.170,0,7,5,667.523,665.267,670.096,671.596,682.096,760.543,0,0,0,,,,22.353,20.097,115.373,
471,645.410,0,3,5,667.523,665.267,670.096,671.596,682.096,716.446,0,0,0,,,,22.113,19.857,71.036,
472,645.690,0,6,5,667.523,665.267,670.096,671.596,682.096,744.560,0,0,0,,,,21.833,19.577,98.870,
473,645.880,0,5,5,667.523,665.267,670.096,671.596,682.096,731.577,0,0,0,,,,21.643,19.387,85.697,
474,647.140,0,1,5,667.523,665.267,670.096,671.596,682.096,691.479,0,0,0,,,,20.383,18.127,44.339,
475,647.360,0,5,5,667.523,665.267,670.096,671.596,682.096,731.577,0,0,0,,,,20.163,17.907,84.217,
476,649.990,0,9,2,671.297,669.042,673.871,675.371,685.371,793.119,0,1,0,,21.307,19.052,21.307,19.052,143.129,
477,650.170,0,3,2,671.297,669.042,673.871,675.371,685.371,719.720,0,0,0,,,,21.127,18.872,69.550,
478,650.760,0,5,2,671.297,669.042,673.871,675.371,685.371,744.686,0,0,0,,,,20.537,18.282,93.926,
479,651.720,0,8,2,671.297,669.042,673.871,675.371,685.371,781.136,0,0,0,,,,19.577,17.322,129.416,
480,652.700,0,6,2,671.297,669.042,673.871,675.371,685.371,757.169,0,0,0,,,,18.597,16.342,104.469,
481,653.300,0,1,2,671.297,669.042,673.871,675.371,685.371,694.754,0,0,0,,,,17.997,15.742,41.454,
482,653.380,0,3,2,671.297,669.042,673.871,675.371,685.371,719.720,0,0,0,,,,17.917,15.662,66.340,
483,653.440,0,5,2,671.297,669.042,673.871,675.371,685.371,744.686,0,0,0,,,,17.857,15.602,91.246,
484,655.870,0,3,2,671.297,669.042,673.871,675.371,685.371,719.720,0,0,0,,,,15.427,13.172,63.850,
485,656.310,0,9,2,671.297,669.042,673.871,675.371,685.371,793.119,0,0,0,,,,14.987,12.732,136.809,
486,658.550,0,1,2,671.297,669.042,673.871,675.371,685.371,694.754,0,0,0,,,,12.747,10.492,36.204,
487,659.830,0,1,2,671.297,669.042,673.871,675.371,685.371,694.754,0,0,0,,,,11.467,9.212,34.924,
488,660.230,0,2,2,671.297,669.042,673.871,675.371,685.371,707.737,0,0,0,,,,11.067,8.812,47.507,
489,660.610,0,7,2,671.297,669.042,673.871,675.371,685.371,769.153,0,0,0,,,,10.687,8.432,108.543,
490,660.640,0,9,2,671.297,669.042,673.871,675.371,685.371,793.119,0,0,0,,,,10.657,8.402,132.479,
491,661.010,0,4,2,671.297,669.042,673.871,675.371,685.371,732.703,0,0,0,,,,10.287,8.032,71.693,
492,661.500,0,9,4,675.306,673.050,677.879,679.379,689.379,777.076,0,1,0,,13.806,11.550,13.806,11.550,115.576,
493,662.060,0,3,4,675.306,673.050,677.879,679.379,689.379,723.729,0,0,0,,,,13.246,10.990,61.669,
494,662.770,0,1,4,675.306,673.050,677.879,679.379,689.379,698.763,0,0,0,,,,12.536,10.280,35.993,
495,665.100,0,4,4,675.306,673.050,677.879,679.379,689.379,736.212,0,0,0,,,,10.206,7.950,71.112,
496,665.130,0,3,4,675.306,673.050,677.879,679.379,689.379,723.729,0,0,0,,,,10.176,7.920,58.599,
497,666.000,0,2,4,675.306,673.050,677.879,679.379,689.379,711.246,0,0,0,,,,9.306,7.050,45.246,
498,666.820,0,6,4,675.306,673.050,677.879,679.379,689.379,761.178,0,0,0,,,,8.486,6.230,94.358,
499,666.820,0,9,4,675.306,673.050,677.879,679.379,689.379,777.076,0,0,0,,,,8.486,6.230,110.256,
500,667.420,0,5,4,675.306,673.050,677.879,679.379,689.379,748.195,0,0,0,,,,7.886,5.630,80.775,
501,668.690,0,2,4,675.306,673.050,677.879,679.379,689.379,711.246,0,0,0,,,,6.616,4.360,42.556,
502,669.750,0,6,4,675.306,673.050,677.879,679.379,689.379,761.178,0,0,0,,,,5.556,3.300,91.428,
503,670.440,0,5,4,675.306,673.050,677.879,679.379,689.379,748.195,0,0,0,,,,4.866,2.610,77.755,
504,671.290,9,0,5,785.415,784.915,788.009,789.509,796.109,826.092,1,1,0,,114.125,113.625,114.125,113.625,154.802,C D CD 
505,671.390,0,5,4,675.306,673.050,677.879,679.379,689.379,748.195,0,0,0,,,,3.916,1.660,76.805,
506,671.620,0,6,4,675.306,673.050,677.879,679.379,689.379,761.178,0,0,0,,,,3.686,1.430,89.558,
507,674.780,0,1,4,675.306,674.780,677.879,679.379,689.379,698.763,0,0,0,,,,0.526,0.000,23.983,
508,675.220,0,9,4,675.306,675.220,677.879,679.379,689.379,777.076,0,0,0,,,,0.086,0.000,101.856,
509,675.670,0,6,1,758.854,756.341,761.428,762.928,773.428,836.391,0,1,0,,83.184,80.671,83.184,80.671,160.721,
510,676.800,0,5,1,758.854,756.341,761.428,762.928,773.428,822.408,0,0,0,,,,82.054,79.541,145.608,
511,678.230,4,2,4,790.955,788.699,793.528,795.028,799.628,810.659,0,1,0,,112.725,110.469,112.725,110.469,132.429,C D HC CD 
512,680.050,0,5,1,758.854,756.341,761.428,762.928,773.428,822.408,0,0,0,,,,78.804,76.291,142.358,
513,682.150,0,5,1,758.854,756.341,761.428,762.928,773.428,822.408,0,0,0,,,,76.704,74.191,140.258,
514,682.860,0,9,1,758.854,756.341,761.428,762.928,773.428,862.505,0,0,0,,,,75.994,73.481,179.645,
515,682.920,0,3,1,758.854,756.341,761.428,762.928,773.428,796.942,0,0,0,,,,75.934,73.421,114.022,
516,683.000,0,5,1,758.854,756.341,761.428,762.928,773.428,822.408,0,0,0,,,,75.854,73.341,139.408,
517,683.580,0,4,1,758.854,756.341,761.428,762.928,773.428,809.925,0,0,0,,,,75.274,72.761,126.345,
518,683.950,0,4,1,758.854,756.341,761.428,762.928,773.428,809.925,0,0,0,,,,74.904,72.391,125.975,
519,684.240,0,2,1,758.854,756.341,761.428,762.928,773.428,784.459,0,0,0,,,,74.614,72.101,100.219,
520,684.260,0,3,1,758.854,756.341,761.428,762.928,773.428,796.942,0,0,0,,,,74.594,72.081,112.682,
521,686.400,0,7,1,758.854,756.341,761.428,762.928,773.428,848.374,0,0,0,,,,72.454,69.941,161.974,
522,686.440,0,7,1,758.854,756.341,761.428,762.928,773.428,848.374,0,0,0,,,,72.414,69.901,161.934,
523,686.510,0,5,1,758.854,756.341,761.428,762.928,773.428,822.408,0,0,0,,,,72.344,69.831,135.898,
524,688.630,9,0,5,785.415,784.915,788.009,789.509,796.109,826.092,0,0,0,,,,96.785,96.285,137.462,C D CD 
525,688.730,0,3,1,758.854,756.341,761.428,762.928,773.428,796.942,0,0,0,,,,70.124,67.611,108.212,
526,689.140,0,2,1,758.854,756.341,761.428,762.928,773.428,784.459,0,0,0,,,,69.714,67.201,95.319,
527,690.000,0,1,3,753.776,751.521,756.350,757.850,767.850,777.233,0,1,0,,63.776,61.521,63.776,61.521,87.233,
528,692.250,0,2,3,753.776,751.521,756.350,757.850,767.850,793.216,0,0,0,,,,61.526,59.271,100.966,
529,694.010,0,8,3,753.776,751.521,756.350,757.850,767.850,861.279,0,0,0,,,,59.766,57.511,167.269,
530,694.480,0,7,3,753.776,751.521,756.350,757.850,767.850,849.296,0,0,0,,,,59.296,57.041,154.816,
531,694.840,0,8,3,753.776,751.521,756.350,757.850,767.850,861.279,0,0,0,,,,58.936,56.681,166.439,
532,695.120,0,9,3,753.776,751.521,756.350,757.850,767.850,874.262,0,0,0,,,,58.656,56.401,179.142,
533,696.720,0,3,3,753.776,751.521,756.350,757.850,767.850,806.699,0,0,0,,,,57.056,54.801,109.979,
534,698.190,0,9,3,753.776,751.521,756.350,757.850,767.850,874.262,0,0,0,,,,55.586,53.331,176.072,
535,698.720,0,3,3,753.776,751.521,756.350,757.850,767.850,806.699,0,0,0,,,,55.056,52.801,107.979,
536,698.850,0,5,3,753.776,751.521,756.350,757.850,767.850,831.665,0,0,0,,,,54.926,52.671,132.815,
537,699.220,0,4,3,753.776,751.521,756.350,757.850,767.850,819.182,0,0,0,,,,54.556,52.301,119.962,
538,701.260,6,3,0,764.197,762.219,766.771,768.271,772.871,785.169,1,1,0,,62.937,60.959,62.937,60.959,83.909,C HC 
539,701.270,0,9,3,753.776,751.521,756.350,757.850,767.850,874.262,0,0,0,,,,52.506,50.251,172.992,
540,701.960,0,4,3,753.776,751.521,756.350,757.850,767.850,819.182,0,0,0,,,,51.816,49.561,117.222,
541,703.360,0,2,3,753.776,751.521,756.350,757.850,767.850,793.216,0,0,0,,,,50.416,48.161,89.856,
542,705.020,0,2,3,753.776,751.521,756.350,757.850,767.850,793.216,0,0,0,,,,48.756,46.501,88.196,
543,705.170,0,2,3,753.776,751.521,756.350,757.850,767.850,793.216,0,0,0,,,,48.606,46.351,88.046,
544,705.670,0,2,0,795.994,794.015,798.568,800.068,810.068,835.434,0,1,0,,90.324,88.345,90.324,88.345,129.764,
545,706.820,0,9,0,795.994,794.015,798.568,800.068,810.068,914.980,0,0,0,,,,89.174,87.195,208.160,
546,708.000,0,1,0,795.994,794.015,798.568,800.068,810.068,819.451,0,0,0,,,,87.994,86.015,111.451,
547,708.390,0,5,0,795.994,794.015,798.568,800.068,810.068,875.883,0,0,0,,,,87.604,85.625,167.493,
548,711.600,0,1,0,795.994,794.015,798.568,800.068,810.068,819.451,0,0,0,,,,84.394,82.415,107.851,
549,713.020,0,4,0,795.994,794.015,798.568,800.068,810.068,863.400,0,0,0,,,,82.974,80.995,150.380,
550,714.570,0,2,0,795.994,794.015,798.568,800.068,810.068,835.434,0,0,0,,,,81.424,79.445,120.864,
551,718.500,0,8,0,795.994,794.015,798.568,800.068,810.068,901.997,0,0,0,,,,77.494,75.515,183.497,
552,719.850,0,8,0,795.994,794.015,798.568,800.068,810.068,901.997,0,0,0,,,,76.144,74.165,182.147,
553,720.300,2,7,0,831.339,830.839,833.934,835.434,842.034,890.014,1,1,0,,111.039,110.539,111.039,110.539,169.714,C D CD 
554,724.630,1,2,0,815.356,814.856,817.951,819.451,826.051,835.434,1,1,0,,90.726,90.226,90.726,90.226,110.804,
555,725.450,0,4,0,795.994,794.015,798.568,800.068,810.068,863.400,0,0,0,,,,70.544,68.565,137.950,
556,725.610,0,5,0,795.994,794.015,798.568,800.068,810.068,875.883,0,0,0,,,,70.384,68.405,150.273,
557,726.840,6,7,5,740.465,739.965,743.060,744.560,751.160,760.543,1,1,0,,13.625,13.125,13.625,13.125,33.703,
558,728.810,0,8,0,795.994,794.015,798.568,800.068,810.068,901.997,0,0,0,,,,67.184,65.205,173.187,
559,730.500,0,2,0,795.994,794.015,798.568,800.068,810.068,835.434,0,0,0,,,,65.494,63.515,104.934,
560,733.210,0,2,0,795.994,794.015,798.568,800.068,810.068,835.434,0,0,0,,,,62.784,60.805,102.224,
561,733.390,0,1,0,795.994,794.015,798.568,800.068,810.068,819.451,0,0,0,,,,62.604,60.625,86.061,
562,734.330,0,3,0,795.994,794.015,798.568,800.068,810.068,851.417,0,0,0,,,,61.664,59.685,117.087,
563,736.280,0,2,4,820.216,818.872,822.790,824.290,834.290,855.656,0,1,0,,83.936,82.592,83.936,82.592,119.376,
564,736.570,0,1,4,820.216,818.872,822.790,824.290,834.290,843.673,0,0,0,,,,83.646,82.302,107.103,
565,736.850,9,2,5,785.415,784.915,788.009,789.509,796.109,812.461,0,0,0,,,,48.565,48.065,75.611,C D CD 
566,740.200,0,4,4,820.216,818.872,822.790,824.290,834.290,881.623,0,0,0,,,,80.016,78.672,141.423,
567,741.660,0,2,4,820.216,818.872,822.790,824.290,834.290,855.656,0,0,0,,,,78.556,77.212,113.996,
568,745.770,0,6,4,820.216,818.872,822.790,824.290,834.290,906.089,0,0,0,,,,74.446,73.102,160.319,
569,747.820,0,7,4,820.216,818.872,822.790,824.290,834.290,918.072,0,0,0,,,,72.396,71.052,170.252,
570,747.920,0,3,4,820.216,818.872,822.790,824.290,834.290,869.140,0,0,0,,,,72.296,70.952,121.220,
571,747.940,0,2,4,820.216,818.872,822.790,824.290,834.290,855.656,0,0,0,,,,72.276,70.932,107.716,
572,748.650,0,8,4,820.216,818.872,822.790,824.290,834.290,930.055,0,0,0,,,,71.566,70.222,181.405,
573,749.520,0,5,4,820.216,818.872,822.790,824.290,834.290,893.606,0,0,0,,,,70.696,69.352,144.086,
574,749.930,0,2,4,820.216,818.872,822.790,824.290,834.290,855.656,0,0,0,,,,70.286,68.942,105.726,
575,750.940,0,3,4,820.216,818.872,822.790,824.290,834.290,869.140,0,0,0,,,,69.276,67.932,118.200,
576,751.390,0,9,4,820.216,818.872,822.790,824.290,834.290,942.038,0,0,0,,,,68.826,67.482,190.648,
577,753.080,0,9,4,820.216,818.872,822.790,824.290,834.290,942.038,0,0,0,,,,67.136,65.792,188.958,
578,754.990,0,5,4,820.216,818.872,822.790,824.290,834.290,893.606,0,0,0,,,,65.226,63.882,138.616,
579,759.510,0,9,4,820.216,818.872,822.790,824.290,834.290,942.038,0,0,0,,,,60.706,59.362,182.528,
580,760.360,0,7,5,822.018,820.674,824.592,826.092,837.092,898.703,0,1,0,,61.658,60.314,61.658,60.314,138.343,
581,762.710,8,0,1,1000.259,999.759,1002.853,1004.353,1008.953,1053.202,1,1,0,,237.549,237.049,237.549,237.049,290.492,C HC 
582,763.470,0,9,5,822.018,820.674,824.592,826.092,837.092,925.170,0,0,0,,,,58.548,57.204,161.700,
583,763.860,0,7,5,822.018,820.674,824.592,826.092,837.092,898.703,0,0,0,,,,58.158,56.814,134.843,
584,764.320,0,7,5,822.018,820.674,824.592,826.092,837.092,898.703,0,0,0,,,,57.698,56.354,134.383,
585,765.380,0,1,5,822.018,820.674,824.592,826.092,837.092,846.475,0,0,0,,,,56.638,55.294,81.095,
586,765.470,0,7,5,822.018,820.674,824.592,826.092,837.092,898.703,0,0,0,,,,56.548,55.204,133.233,
587,767.100,0,4,5,822.018,820.674,824.592,826.092,837.092,873.089,0,0,0,,,,54.918,53.574,105.989,
588,767.790,0,7,5,822.018,820.674,824.592,826.092,837.092,898.703,0,0,0,,,,54.228,52.884,130.913,
589,769.230,8,9,5,769.431,769.230,772.026,773.526,780.126,789.509,1,1,0,,0.201,0.000,0.201,0.000,20.279,
590,769.380,0,1,5,822.018,820.674,824.592,826.092,837.092,846.475,0,0,0,,,,52.638,51.294,77.095,
591,773.980,0,8,5,822.018,820.674,824.592,826.092,837.092,913.186,0,0,0,,,,48.038,46.694,139.206,
592,774.060,0,9,5,822.018,820.674,824.592,826.092,837.092,925.170,0,0,0,,,,47.958,46.614,151.110,
593,775.420,0,3,5,822.018,820.674,824.592,826.092,837.092,861.106,0,0,0,,,,46.598,45.254,85.686,
594,775.660,0,6,5,822.018,820.674,824.592,826.092,837.092,886.720,0,0,0,,,,46.358,45.014,111.060,
595,776.400,0,1,5,822.018,820.674,824.592,826.092,837.092,846.475,0,0,0,,,,45.618,44.274,70.075,
596,776.620,1,5,3,776.620,776.620,775.733,777.233,783.833,831.665,0,1,0,,0.000,0.000,0.000,0.000,55.045,
597,777.700,0,7,5,822.018,820.674,824.592,826.092,837.092,898.703,0,0,0,,,,44.318,42.974,121.003,
598,779.330,0,5,5,822.018,820.674,824.592,826.092,837.092,1016.437,0,0,0,,,,42.688,41.344,237.107,
599,779.380,0,7,2,810.997,808.742,813.571,815.071,825.071,887.682,0,1,0,,31.617,29.362,31.617,29.362,108.302,
600,782.540,0,9,2,810.997,808.742,813.571,815.071,825.071,912.648,0,0,0,,,,28.457,26.202,130.108,
601,783.610,6,0,0,944.500,944.000,947.094,948.594,955.194,993.107,1,1,0,,160.890,160.390,160.890,160.390,209.497,C 
602,784.420,7,0,0,928.537,927.193,931.111,932.611,939.211,993.107,1,1,0,,144.117,142.773,144.117,142.773,208.687,C HC 
603,785.360,0,8,2,810.997,808.742,813.571,815.071,825.071,900.165,0,0,0,,,,25.637,23.382,114.805,
604,786.370,0,3,2,810.997,808.742,813.571,815.071,825.071,848.085,0,0,0,,,,24.627,22.372,61.715,
605,786.460,0,5,2,810.997,808.742,813.571,815.071,825.071,862.716,0,0,0,,,,24.537,22.282,76.256,
606,791.100,0,8,2,810.997,808.742,813.571,815.071,825.071,900.165,0,0,0,,,,19.897,17.642,109.065,
607,791.960,0,6,2,810.997,808.742,813.571,815.071,825.071,875.199,0,0,0,,,,19.037,16.782,83.239,
608,792.730,0,7,2,810.997,808.742,813.571,815.071,825.071,887.682,0,0,0,,,,18.267,16.012,94.952,
609,792.900,0,6,2,810.997,808.742,813.571,815.071,825.071,875.199,0,0,0,,,,18.097,15.842,82.299,
610,793.660,0,9,2,810.997,808.742,813.571,815.071,825.071,912.648,0,0,0,,,,17.337,15.082,118.988,
611,795.500,0,3,2,810.997,808.742,813.571,815.071,825.071,848.085,0,0,0,,,,15.497,13.242,52.585,
612,797.320,0,9,2,810.997,808.742,813.571,815.071,825.071,912.648,0,0,0,,,,13.677,11.422,115.328,
613,797.360,9,7,0,910.886,910.386,913.480,914.980,921.580,932.611,1,1,0,,113.526,113.026,113.526,113.026,135.251,C D CD 
614,798.490,0,5,2,810.997,808.742,813.571,815.071,825.071,862.716,0,0,0,,,,12.507,10.252,64.226,
615,799.830,0,9,2,810.997,808.742,813.571,815.071,825.071,912.648,0,0,0,,,,11.167,8.912,112.818,
616,800.940,0,1,2,810.997,808.742,813.571,815.071,825.071,834.454,0,0,0,,,,10.057,7.802,33.514,
617,801.820,0,3,2,810.997,808.742,813.571,815.071,825.071,848.085,0,0,0,,,,9.177,6.922,46.265,
618,802.650,0,8,3,892.141,889.885,894.714,896.214,906.214,1001.979,0,1,0,,89.491,87.235,89.491,87.235,199.329,
619,803.560,0,5,3,892.141,889.885,894.714,896.214,906.214,964.530,0,0,0,,,,88.581,86.325,160.970,
620,803.710,0,7,3,892.141,889.885,894.714,896.214,906.214,988.996,0,0,0,,,,88.431,86.175,185.286,
621,803.750,0,7,3,892.141,889.885,894.714,896.214,906.214,988.996,0,0,0,,,,88.391,86.135,185.246,
622,804.410,0,2,3,892.141,889.885,894.714,896.214,906.214,927.581,0,0,0,,,,87.731,85.475,123.171,
623,805.610,0,1,3,892.141,889.885,894.714,896.214,906.214,915.598,0,0,0,,,,86.531,84.275,109.988,
624,807.600,5,8,3,827.571,827.071,830.165,831.665,838.265,861.279,1,1,0,,19.971,19.471,19.971,19.471,53.679,C D CD 
625,808.430,0,4,3,892.141,889.885,894.714,896.214,906.214,952.547,0,0,0,,,,83.711,81.455,144.117,
626,809.340,0,7,3,892.141,889.885,894.714,896.214,906.214,988.996,0,0,0,,,,82.801,80.545,179.656,
627,809.570,0,8,3,892.141,889.885,894.714,896.214,906.214,1001.979,0,0,0,,,,82.571,80.315,192.409,
628,813.010,0,3,3,892.141,889.885,894.714,896.214,906.214,940.564,0,0,0,,,,79.131,76.875,127.554,
629,819.900,0,9,3,892.141,889.885,894.714,896.214,906.214,1014.963,0,0,0,,,,72.241,69.985,195.063,
630,820.070,0,2,3,892.141,889.885,894.714,896.214,906.214,927.581,0,0,0,,,,72.071,69.815,107.511,
631,820.660,0,2,3,892.141,889.885,894.714,896.214,906.214,927.581,0,0,0,,,,71.481,69.225,106.921,
632,821.020,0,5,3,892.141,889.885,894.714,896.214,906.214,964.530,0,0,0,,,,71.121,68.865,143.510,
633,822.290,0,6,3,892.141,889.885,894.714,896.214,906.214,977.013,0,0,0,,,,69.851,67.595,154.723,
634,822.510,0,8,3,892.141,889.885,894.714,896.214,906.214,1001.979,0,0,0,,,,69.631,67.375,179.469,
635,824.250,0,9,1,879.383,877.128,881.957,883.457,893.457,990.370,0,1,0,,55.133,52.878,55.133,52.878,166.120,
636,825.120,7,0,0,928.537,927.193,931.111,932.611,939.211,993.107,0,0,0,,,,103.417,102.073,167.987,C HC 
637,825.610,0,2,1,879.383,877.128,881.957,883.457,893.457,915.323,0,0,0,,,,53.773,51.518,89.713,
638,827.170,0,3,5,942.548,940.293,945.122,946.622,956.122,989.971,0,0,1,837.092,,,115.378,113.123,162.801,
639,831.860,0,4,5,942.548,940.293,945.122,946.622,956.122,1002.954,0,0,0,,,,110.688,108.433,171.094,
640,832.000,0,5,5,942.548,940.293,945.122,946.622,956.122,1016.437,0,0,0,,,,110.548,108.293,184.437,
641,833.890,0,1,5,942.548,940.293,945.122,946.622,956.122,965.505,0,0,0,,,,108.658,106.403,131.615,
642,834.200,0,4,5,942.548,940.293,945.122,946.622,956.122,1002.954,0,0,0,,,,108.348,106.093,168.754,
643,835.920,0,9,1,879.383,877.128,881.957,883.457,893.457,990.370,0,0,0,,,,43.463,41.208,154.450,
644,840.600,0,1,1,879.383,877.128,881.957,883.457,893.457,902.840,0,0,0,,,,38.783,36.528,62.240,
645,841.500,0,9,1,879.383,877.128,881.957,883.457,893.457,990.370,0,0,0,,,,37.883,35.628,148.870,
646,843.350,0,9,1,879.383,877.128,881.957,883.457,893.457,990.370,0,0,0,,,,36.033,33.778,147.020,
647,844.350,1,0,1,1035.145,1033.167,1037.719,1039.219,1043.819,1053.202,1,1,0,,190.795,188.817,190.795,188.817,208.852,C D HC CD 
648,845.070,0,8,1,879.383,877.128,881.957,883.457,893.457,977.887,0,0,0,,,,34.313,32.058,132.817,
649,845.950,0,8,1,879.383,877.128,881.957,883.457,893.457,977.887,0,0,0,,,,33.433,31.178,131.937,
650,847.980,0,3,1,879.383,877.128,881.957,883.457,893.457,927.307,0,0,0,,,,31.403,29.148,79.327,
651,850.440,0,3,1,879.383,877.128,881.957,883.457,893.457,927.307,0,0,0,,,,28.943,26.688,76.867,
652,852.310,9,0,0,910.886,910.386,913.480,914.980,921.580,993.107,0,0,0,,,,58.576,58.076,140.797,C D CD 
653,854.520,0,9,1,879.383,877.128,881.957,883.457,893.457,990.370,0,0,0,,,,24.863,22.608,135.850,
654,855.290,0,6,1,879.383,877.128,881.957,883.457,893.457,953.421,0,0,0,,,,24.093,21.838,98.131,
655,855.300,0,5,1,879.383,877.128,881.957,883.457,893.457,941.438,0,0,0,,,,24.083,21.828,86.138,
656,859.260,0,1,1,879.383,877.128,881.957,883.457,893.457,902.840,0,0,0,,,,20.123,17.868,43.580,
657,859.290,0,6,1,879.383,877.128,881.957,883.457,893.457,953.421,0,0,0,,,,20.093,17.838,94.131,
658,859.580,0,7,1,879.383,877.128,881.957,883.457,893.457,965.904,0,0,0,,,,19.803,17.548,106.324,
659,859.650,0,2,2,931.027,928.771,933.600,935.100,945.100,966.967,0,1,0,,71.377,69.121,71.377,69.121,107.317,
660,862.270,0,2,2,931.027,928.771,933.600,935.100,945.100,966.967,0,0,0,,,,68.757,66.501,104.697,
661,862.380,0,8,2,931.027,928.771,933.600,935.100,945.100,1020.814,0,0,0,,,,68.647,66.391,158.434,
662,862.590,0,6,2,931.027,928.771,933.600,935.100,945.100,995.348,0,0,0,,,,68.437,66.181,132.758,
663,864.470,0,7,2,931.027,928.771,933.600,935.100,945.100,1008.331,0,0,0,,,,66.557,64.301,143.861,
664,865.200,0,1,2,931.027,928.771,933.600,935.100,945.100,954.483,0,0,0,,,,65.827,63.571,89.283,
665,868.020,0,8,2,931.027,928.771,933.600,935.100,945.100,1020.814,0,0,0,,,,63.007,60.751,152.794,
666,868.310,0,6,2,931.027,928.771,933.600,935.100,945.100,995.348,0,0,0,,,,62.717,60.461,127.038,
667,868.320,6,1,0,944.500,944.000,947.094,948.594,955.194,981.123,0,0,0,,,,76.180,75.680,112.803,C 
668,870.760,0,1,2,931.027,928.771,933.600,935.100,945.100,954.483,0,0,0,,,,60.267,58.011,83.723,
669,871.190,0,9,2,931.027,928.771,933.600,935.100,945.100,1033.297,0,0,0,,,,59.837,57.581,162.107,
670,871.410,0,6,2,931.027,928.771,933.600,935.100,945.100,995.348,0,0,0,,,,59.617,57.361,123.938,
671,872.110,0,2,2,931.027,928.771,933.600,935.100,945.100,966.967,0,0,0,,,,58.917,56.661,94.857,
672,873.800,7,6,0,928.537,927.193,931.111,932.611,939.211,948.594,0,0,0,,,,54.737,53.393,74.794,C HC 
673,875.100,0,9,2,931.027,928.771,933.600,935.100,945.100,1033.297,0,0,0,,,,55.927,53.671,158.197,
674,875.700,9,3,0,910.886,910.386,913.480,914.980,921.580,967.493,0,0,0,,,,35.186,34.686,91.793,C D CD 
675,876.430,0,7,2,931.027,928.771,933.600,935.100,945.100,1008.331,0,0,0,,,,54.597,52.341,131.901,
676,877.390,4,0,1,1018.247,1015.734,1020.821,1022.321,1026.921,1053.202,1,1,0,,140.857,138.344,140.857,138.344,175.812,C 
677,877.500,0,3,2,931.027,928.771,933.600,935.100,945.100,980.450,0,0,0,,,,53.527,51.271,102.950,
678,877.980,0,2,2,931.027,928.771,933.600,935.100,945.100,966.967,0,0,0,,,,53.047,50.791,88.987,
679,877.990,0,4,5,942.548,940.293,945.122,946.622,956.122,1002.954,0,0,0,,,,64.558,62.303,124.964,
680,879.570,0,2,5,942.548,940.293,945.122,946.622,956.122,977.988,0,0,0,,,,62.978,60.723,98.418,
681,879.960,0,8,5,942.548,940.293,945.122,946.622,956.122,1042.551,0,0,0,,,,62.588,60.333,162.591,
682,881.250,0,8,5,942.548,940.293,945.122,946.622,956.122,1042.551,0,0,0,,,,61.298,59.043,161.301,
683,881.780,0,3,5,942.548,940.293,945.122,946.622,956.122,989.971,0,0,0,,,,60.768,58.513,108.191,
684,882.970,0,9,5,942.548,940.293,945.122,946.622,956.122,1055.034,0,0,0,,,,59.578,57.323,172.064,
685,883.420,0,6,5,942.548,940.293,945.122,946.622,956.122,1028.920,0,0,0,,,,59.128,56.873,145.500,
686,883.820,0,4,5,942.548,940.293,945.122,946.622,956.122,1002.954,0,0,0,,,,58.728,56.473,119.134,
687,883.990,0,3,5,942.548,940.293,945.122,946.622,956.122,989.971,0,0,0,,,,58.558,56.303,105.981,
688,885.610,0,1,5,942.548,940.293,945.122,946.622,956.122,965.505,0,0,0,,,,56.938,54.683,79.895,
689,887.710,0,5,5,1071.913,1069.657,1074.486,1075.986,1081.086,1127.567,0,0,1,956.122,,,184.203,181.947,239.857,C D CD 
690,889.640,0,9,5,1071.913,1069.657,1074.486,1075.986,1081.086,0.000,0,0,0,,,,182.273,180.017,-889.640,C D CD 
691,889.960,0,8,5,1071.913,1069.657,1074.486,1075.986,1081.086,0.000,0,0,0,,,,181.953,179.697,-889.960,C D CD 
692,891.040,0,1,5,1071.913,1069.657,1074.486,1075.986,1081.086,1090.469,0,0,0,,,,180.873,178.617,199.429,C D CD 
693,891.430,0,2,5,1071.913,1069.657,1074.486,1075.986,1081.086,0.000,0,0,0,,,,180.483,178.227,-891.430,C D CD 
694,891.840,0,3,5,1071.913,1069.657,1074.486,1075.986,1081.086,1104.100,0,0,0,,,,180.073,177.817,212.260,C D CD 
695,893.370,0,3,0,989.012,988.512,991.607,993.107,1000.207,1023.221,0,1,0,,95.642,95.142,95.642,95.142,129.851,
696,893.610,0,9,0,989.012,988.512,991.607,993.107,1000.207,1063.155,0,0,0,,,,95.402,94.902,169.545,
697,893.700,0,4,0,989.012,988.512,991.607,993.107,1000.207,1035.204,0,0,0,,,,95.312,94.812,141.504,
698,895.010,0,2,0,989.012,988.512,991.607,993.107,1000.207,1011.238,0,0,0,,,,94.002,93.502,116.228,
699,897.320,0,8,0,989.012,988.512,991.607,993.107,1000.207,1051.171,0,0,0,,,,91.692,91.192,153.851,
700,899.680,0,9,0,989.012,988.512,991.607,993.107,1000.207,1063.155,0,0,0,,,,89.332,88.832,163.475,
